{
  "accuracy": 0.9333333333333333,
  "precision": 0.9333333333333333,
  "recall": 0.9333333333333333,
  "f1": 0.9333333333333333,
  "roc_auc": 0.9899999999999999
}